{"ann_return":0.0241143888,"ann_vol":0.0368900171,"sharpe":0.653683319,"max_drawdown":-0.0848658755,"reg_alpha_daily":0.000101262,"reg_beta":-0.0089119359,"reg_r2":0.0019984131}